Workbook
Name Slicer_Store_Name: #N/A
Name Slicer_Lead_Type: #N/A
Name Slicer_Lead_Status: #N/A

Sheet Conversion rates
A3: Count of Lead ID | B3: Lead Status | C3: Cancellation Status
B4: Delivered | D4: Delivered Total | E4: Cancelled | F4: Cancelled Total | G4: Grand Total
A5: Store Name | B5: No | C5: Yes | E5: Yes
A6: Bangalore MBC | B6: 0.72623574 | C6: 0.079847909 | D6: 0.80608365 | E6: 0.19391635 | F6: 0.19391635 | G6: 1
A7: Chennai MBC | B7: 0.72169811 | C7: 0.094339623 | D7: 0.81603774 | E7: 0.18396226 | F7: 0.18396226 | G7: 1
A8: Delhi MBC | B8: 0.70722433 | C8: 0.098859316 | D8: 0.80608365 | E8: 0.19391635 | F8: 0.19391635 | G8: 1
A9: Mumbai MBC | B9: 0.75954198 | C9: 0.061068702 | D9: 0.82061069 | E9: 0.17938931 | F9: 0.17938931 | G9: 1
A10: Grand Total | B10: 0.729 | C10: 0.083 | D10: 0.812 | E10: 0.188 | F10: 0.188 | G10: 1

Sheet Average TAT
A3: Store Name | B3: Avg of Pre-booking TAT (days) | C3: Avg of Booking TAT (days) | D3: Avg of Delivery TAT (days)
A4: Bangalore MBC | B4: 2.513308 | C4: 2.4448669 | D4: 3.6387833
A5: Chennai MBC | B5: 2.5471698 | C5: 2.6132075 | D5: 3.5801887
A6: Delhi MBC | B6: 2.4410646 | C6: 2.4334601 | D6: 3.4524715
A7: Mumbai MBC | B7: 2.4427481 | C7: 2.5 | D7: 3.7977099
A8: Grand Total | B8: 2.483 | C8: 2.492 | D8: 3.619

Sheet Lead Breakdown
A2: Breakdown of Hot/Warm/Cold leads
A3: Count of Lead ID | B3: Lead Type
A4: Store Name | B4: Cold | C4: Hot | D4: Warm | E4: Grand Total
A5: Bangalore MBC | B5: 0.19391635 | C5: 0.30418251 | D5: 0.50190114 | E5: 1
A6: Chennai MBC | B6: 0.18396226 | C6: 0.33018868 | D6: 0.48584906 | E6: 1
A7: Delhi MBC | B7: 0.19391635 | C7: 0.2661597 | D7: 0.53992395 | E7: 1
A8: Mumbai MBC | B8: 0.17938931 | C8: 0.31679389 | D8: 0.50381679 | E8: 1
A9: Grand Total | B9: 0.188 | C9: 0.303 | D9: 0.509 | E9: 1
A12: Lead Type | B12: Count of Leads
A13: Hot | B13: =COUNTIF('Main data'!C:C,"Hot") -> 303
A14: Warm | B14: =COUNTIF('Main data'!C:C,"Warm") -> 509
A15: Cold | B15: =COUNTIF('Main data'!C:C,"Cold") -> 188

Sheet Sheet3
A3: Lead Type | B3: Count of Lead ID
A4: Cold | B4: 188
A5: Hot | B5: 303
A6: Warm | B6: 509
A7: Grand Total | B7: 1000

Sheet Main data
A1: Lead ID | B1: Store Name | C1: Lead Type | D1: Lead Date | E1: Pre-Booking Date | F1: Booking Date | G1: Delivery Date | H1: Lead Status | I1: Pre-booking TAT (days) | J1: Booking TAT (days) | K1: Delivery TAT (days) | L1: Cancellation Status | M1: Cancellation Reason | N1: Service Follow-up Date | O1: TAT Pre-Booking (Days) | P1: TAT Booking (Days) | Q1: TAT Delivery (Days) | R1: Customer Rating | S1: NPS
A2: L1000 | B2: Bangalore MBC | C2: Warm | D2: 45951 | E2: 45955 | F2: 45959 | G2: 45964 | H2: =IF(G2<>"","Delivered",IF(F2<>"","Booked",IF(E2<>"","Pre-Booked",IF(D2<>"","Lead","")))) -> Delivered | I2: =IF(E2>D2,E2-D2,0) -> 4 | J2: =IF(F2>E2,F2-E2,0) -> 4 | K2: =IF(G2>F2,G2-F2,0) -> 5 | L2: No | N2: 45989 | O2: 4 | P2: 4 | Q2: 5 | R2: 2 | S2: =IF(R2>=9,"Promoter",IF(R2>=7,"Passive","Detractor")) -> Detractor
A3: L1001 | B3: Delhi MBC | C3: Warm | D3: 45941 | E3: 45944 | F3: 45949 | G3: 45956 | H3: =IF(G3<>"","Delivered",IF(F3<>"","Booked",IF(E3<>"","Pre-Booked",IF(D3<>"","Lead","")))) -> Delivered | I3: =IF(E3>D3,E3-D3,0) -> 3 | J3: =IF(F3>E3,F3-E3,0) -> 5 | K3: =IF(G3>F3,G3-F3,0) -> 7 | L3: No | N3: 45983 | O3: 3 | P3: 5 | Q3: 7 | R3: 8 | S3: =IF(R3>=9,"Promoter",IF(R3>=7,"Passive","Detractor")) -> Passive
A4: L1002 | B4: Mumbai MBC | C4: Cold | D4: 45931 | H4: =IF(G4<>"","Delivered",IF(F4<>"","Booked",IF(E4<>"","Pre-Booked",IF(D4<>"","Cancelled","")))) -> Cancelled | I4: =IF(E4>D4,E4-D4,0) -> 0 | J4: =IF(F4>E4,F4-E4,0) -> 0 | K4: =IF(G4>F4,G4-F4,0) -> 0 | L4: Yes | M4: Other | S4: =IF(R4>=9,"Promoter",IF(R4>=7,"Passive","Detractor")) -> Detractor
A5: L1003 | B5: Bangalore MBC | C5: Cold | D5: 45958 | H5: =IF(G5<>"","Delivered",IF(F5<>"","Booked",IF(E5<>"","Pre-Booked",IF(D5<>"","Cancelled","")))) -> Cancelled | I5: =IF(E5>D5,E5-D5,0) -> 0 | J5: =IF(F5>E5,F5-E5,0) -> 0 | K5: =IF(G5>F5,G5-F5,0) -> 0 | L5: Yes | M5: Model Unavailable | S5: =IF(R5>=9,"Promoter",IF(R5>=7,"Passive","Detractor")) -> Detractor
A6: L1004 | B6: Delhi MBC | C6: Warm | D6: 45944 | E6: 45948 | F6: 45951 | G6: 45954 | H6: =IF(G6<>"","Delivered",IF(F6<>"","Booked",IF(E6<>"","Pre-Booked",IF(D6<>"","Cancelled","")))) -> Delivered | I6: =IF(E6>D6,E6-D6,0) -> 4 | J6: =IF(F6>E6,F6-E6,0) -> 3 | K6: =IF(G6>F6,G6-F6,0) -> 3 | L6: No | N6: 45973 | O6: 4 | P6: 3 | Q6: 3 | R6: 8 | S6: =IF(R6>=9,"Promoter",IF(R6>=7,"Passive","Detractor")) -> Passive
A7: L1005 | B7: Delhi MBC | C7: Warm | D7: 45957 | E7: 45961 | F7: 45965 | G7: 45968 | H7: =IF(G7<>"","Delivered",IF(F7<>"","Booked",IF(E7<>"","Pre-Booked",IF(D7<>"","Cancelled","")))) -> Delivered | I7: =IF(E7>D7,E7-D7,0) -> 4 | J7: =IF(F7>E7,F7-E7,0) -> 4 | K7: =IF(G7>F7,G7-F7,0) -> 3 | L7: No | N7: 45983 | O7: 4 | P7: 4 | Q7: 3 | R7: 9 | S7: =IF(R7>=9,"Promoter",IF(R7>=7,"Passive","Detractor")) -> Promoter
A8: L1006 | B8: Mumbai MBC | C8: Hot | D8: 45946 | E8: 45950 | F8: 45951 | G8: 45958 | H8: =IF(G8<>"","Delivered",IF(F8<>"","Booked",IF(E8<>"","Pre-Booked",IF(D8<>"","Cancelled","")))) -> Delivered | I8: =IF(E8>D8,E8-D8,0) -> 4 | J8: =IF(F8>E8,F8-E8,0) -> 1 | K8: =IF(G8>F8,G8-F8,0) -> 7 | L8: No | N8: 45983 | O8: 4 | P8: 1 | Q8: 7 | R8: 10 | S8: =IF(R8>=9,"Promoter",IF(R8>=7,"Passive","Detractor")) -> Promoter
A9: L1007 | B9: Chennai MBC | C9: Warm | D9: 45934 | E9: 45935 | F9: 45938 | G9: 45945 | H9: =IF(G9<>"","Delivered",IF(F9<>"","Booked",IF(E9<>"","Pre-Booked",IF(D9<>"","Cancelled","")))) -> Delivered | I9: =IF(E9>D9,E9-D9,0) -> 1 | J9: =IF(F9>E9,F9-E9,0) -> 3 | K9: =IF(G9>F9,G9-F9,0) -> 7 | L9: Yes | M9: Changed Mind | O9: 1 | P9: 3 | Q9: 7 | S9: =IF(R9>=9,"Promoter",IF(R9>=7,"Passive","Detractor")) -> Detractor
A10: L1008 | B10: Bangalore MBC | C10: Hot | D10: 45944 | E10: 45947 | F10: 45950 | G10: 45955 | H10: =IF(G10<>"","Delivered",IF(F10<>"","Booked",IF(E10<>"","Pre-Booked",IF(D10<>"","Cancelled","")))) -> Delivered | I10: =IF(E10>D10,E10-D10,0) -> 3 | J10: =IF(F10>E10,F10-E10,0) -> 3 | K10: =IF(G10>F10,G10-F10,0) -> 5 | L10: No | N10: 45966 | O10: 3 | P10: 3 | Q10: 5 | R10: 8 | S10: =IF(R10>=9,"Promoter",IF(R10>=7,"Passive","Detractor")) -> Passive
A11: L1009 | B11: Mumbai MBC | C11: Warm | D11: 45961 | E11: 45965 | F11: 45966 | G11: 45971 | H11: =IF(G11<>"","Delivered",IF(F11<>"","Booked",IF(E11<>"","Pre-Booked",IF(D11<>"","Cancelled","")))) -> Delivered | I11: =IF(E11>D11,E11-D11,0) -> 4 | J11: =IF(F11>E11,F11-E11,0) -> 1 | K11: =IF(G11>F11,G11-F11,0) -> 5 | L11: No | N11: 45983 | O11: 4 | P11: 1 | Q11: 5 | R11: 6 | S11: =IF(R11>=9,"Promoter",IF(R11>=7,"Passive","Detractor")) -> Detractor
A12: L1010 | B12: Bangalore MBC | C12: Cold | D12: 45942 | H12: =IF(G12<>"","Delivered",IF(F12<>"","Booked",IF(E12<>"","Pre-Booked",IF(D12<>"","Cancelled","")))) -> Cancelled | I12: =IF(E12>D12,E12-D12,0) -> 0 | J12: =IF(F12>E12,F12-E12,0) -> 0 | K12: =IF(G12>F12,G12-F12,0) -> 0 | L12: Yes | M12: Other | S12: =IF(R12>=9,"Promoter",IF(R12>=7,"Passive","Detractor")) -> Detractor
A13: L1011 | B13: Delhi MBC | C13: Warm | D13: 45951 | E13: 45954 | F13: 45958 | G13: 45960 | H13: =IF(G13<>"","Delivered",IF(F13<>"","Booked",IF(E13<>"","Pre-Booked",IF(D13<>"","Cancelled","")))) -> Delivered | I13: =IF(E13>D13,E13-D13,0) -> 3 | J13: =IF(F13>E13,F13-E13,0) -> 4 | K13: =IF(G13>F13,G13-F13,0) -> 2 | L13: No | N13: 45971 | O13: 3 | P13: 4 | Q13: 2 | R13: 0 | S13: =IF(R13>=9,"Promoter",IF(R13>=7,"Passive","Detractor")) -> Detractor
A14: L1012 | B14: Delhi MBC | C14: Warm | D14: 45959 | E14: 45962 | F14: 45967 | G14: 45974 | H14: =IF(G14<>"","Delivered",IF(F14<>"","Booked",IF(E14<>"","Pre-Booked",IF(D14<>"","Cancelled","")))) -> Delivered | I14: =IF(E14>D14,E14-D14,0) -> 3 | J14: =IF(F14>E14,F14-E14,0) -> 5 | K14: =IF(G14>F14,G14-F14,0) -> 7 | L14: No | N14: 45991 | O14: 3 | P14: 5 | Q14: 7 | R14: 10 | S14: =IF(R14>=9,"Promoter",IF(R14>=7,"Passive","Detractor")) -> Promoter
A15: L1013 | B15: Chennai MBC | C15: Warm | D15: 45957 | E15: 45960 | F15: 45963 | G15: 45969 | H15: =IF(G15<>"","Delivered",IF(F15<>"","Booked",IF(E15<>"","Pre-Booked",IF(D15<>"","Cancelled","")))) -> Delivered | I15: =IF(E15>D15,E15-D15,0) -> 3 | J15: =IF(F15>E15,F15-E15,0) -> 3 | K15: =IF(G15>F15,G15-F15,0) -> 6 | L15: No | N15: 45998 | O15: 3 | P15: 3 | Q15: 6 | R15: 2 | S15: =IF(R15>=9,"Promoter",IF(R15>=7,"Passive","Detractor")) -> Detractor
A16: L1014 | B16: Delhi MBC | C16: Hot | D16: 45945 | E16: 45947 | F16: 45948 | G16: 45951 | H16: =IF(G16<>"","Delivered",IF(F16<>"","Booked",IF(E16<>"","Pre-Booked",IF(D16<>"","Cancelled","")))) -> Delivered | I16: =IF(E16>D16,E16-D16,0) -> 2 | J16: =IF(F16>E16,F16-E16,0) -> 1 | K16: =IF(G16>F16,G16-F16,0) -> 3 | L16: Yes | M16: Changed Mind | O16: 2 | P16: 1 | Q16: 3 | S16: =IF(R16>=9,"Promoter",IF(R16>=7,"Passive","Detractor")) -> Detractor
A17: L1015 | B17: Delhi MBC | C17: Warm | D17: 45953 | E17: 45957 | F17: 45962 | G17: 45967 | H17: =IF(G17<>"","Delivered",IF(F17<>"","Booked",IF(E17<>"","Pre-Booked",IF(D17<>"","Cancelled","")))) -> Delivered | I17: =IF(E17>D17,E17-D17,0) -> 4 | J17: =IF(F17>E17,F17-E17,0) -> 5 | K17: =IF(G17>F17,G17-F17,0) -> 5 | L17: No | N17: 45984 | O17: 4 | P17: 5 | Q17: 5 | R17: 8 | S17: =IF(R17>=9,"Promoter",IF(R17>=7,"Passive","Detractor")) -> Passive
A18: L1016 | B18: Mumbai MBC | C18: Hot | D18: 45935 | E18: 45936 | F18: 45940 | G18: 45946 | H18: =IF(G18<>"","Delivered",IF(F18<>"","Booked",IF(E18<>"","Pre-Booked",IF(D18<>"","Cancelled","")))) -> Delivered | I18: =IF(E18>D18,E18-D18,0) -> 1 | J18: =IF(F18>E18,F18-E18,0) -> 4 | K18: =IF(G18>F18,G18-F18,0) -> 6 | L18: No | N18: 45956 | O18: 1 | P18: 4 | Q18: 6 | R18: 2 | S18: =IF(R18>=9,"Promoter",IF(R18>=7,"Passive","Detractor")) -> Detractor
A19: L1017 | B19: Bangalore MBC | C19: Hot | D19: 45944 | E19: 45945 | F19: 45948 | G19: 45953 | H19: =IF(G19<>"","Delivered",IF(F19<>"","Booked",IF(E19<>"","Pre-Booked",IF(D19<>"","Cancelled","")))) -> Delivered | I19: =IF(E19>D19,E19-D19,0) -> 1 | J19: =IF(F19>E19,F19-E19,0) -> 3 | K19: =IF(G19>F19,G19-F19,0) -> 5 | L19: No | N19: 45979 | O19: 1 | P19: 3 | Q19: 5 | R19: 0 | S19: =IF(R19>=9,"Promoter",IF(R19>=7,"Passive","Detractor")) -> Detractor
A20: L1018 | B20: Bangalore MBC | C20: Warm | D20: 45936 | E20: 45937 | F20: 45942 | G20: 45947 | H20: =IF(G20<>"","Delivered",IF(F20<>"","Booked",IF(E20<>"","Pre-Booked",IF(D20<>"","Cancelled","")))) -> Delivered | I20: =IF(E20>D20,E20-D20,0) -> 1 | J20: =IF(F20>E20,F20-E20,0) -> 5 | K20: =IF(G20>F20,G20-F20,0) -> 5 | L20: No | N20: 45972 | O20: 1 | P20: 5 | Q20: 5 | R20: 5 | S20: =IF(R20>=9,"Promoter",IF(R20>=7,"Passive","Detractor")) -> Detractor
A21: L1019 | B21: Mumbai MBC | C21: Warm | D21: 45954 | E21: 45955 | F21: 45960 | G21: 45962 | H21: =IF(G21<>"","Delivered",IF(F21<>"","Booked",IF(E21<>"","Pre-Booked",IF(D21<>"","Cancelled","")))) -> Delivered | I21: =IF(E21>D21,E21-D21,0) -> 1 | J21: =IF(F21>E21,F21-E21,0) -> 5 | K21: =IF(G21>F21,G21-F21,0) -> 2 | L21: No | N21: 45972 | O21: 1 | P21: 5 | Q21: 2 | R21: 4 | S21: =IF(R21>=9,"Promoter",IF(R21>=7,"Passive","Detractor")) -> Detractor
A22: L1020 | B22: Chennai MBC | C22: Warm | D22: 45947 | E22: 45951 | F22: 45953 | G22: 45960 | H22: =IF(G22<>"","Delivered",IF(F22<>"","Booked",IF(E22<>"","Pre-Booked",IF(D22<>"","Cancelled","")))) -> Delivered | I22: =IF(E22>D22,E22-D22,0) -> 4 | J22: =IF(F22>E22,F22-E22,0) -> 2 | K22: =IF(G22>F22,G22-F22,0) -> 7 | L22: No | N22: 45980 | O22: 4 | P22: 2 | Q22: 7 | R22: 6 | S22: =IF(R22>=9,"Promoter",IF(R22>=7,"Passive","Detractor")) -> Detractor
A23: L1021 | B23: Bangalore MBC | C23: Hot | D23: 45961 | E23: 45962 | F23: 45963 | G23: 45966 | H23: =IF(G23<>"","Delivered",IF(F23<>"","Booked",IF(E23<>"","Pre-Booked",IF(D23<>"","Cancelled","")))) -> Delivered | I23: =IF(E23>D23,E23-D23,0) -> 1 | J23: =IF(F23>E23,F23-E23,0) -> 1 | K23: =IF(G23>F23,G23-F23,0) -> 3 | L23: No | N23: 45995 | O23: 1 | P23: 1 | Q23: 3 | R23: 3 | S23: =IF(R23>=9,"Promoter",IF(R23>=7,"Passive","Detractor")) -> Detractor
A24: L1022 | B24: Delhi MBC | C24: Warm | D24: 45951 | E24: 45954 | F24: 45959 | G24: 45962 | H24: =IF(G24<>"","Delivered",IF(F24<>"","Booked",IF(E24<>"","Pre-Booked",IF(D24<>"","Cancelled","")))) -> Delivered | I24: =IF(E24>D24,E24-D24,0) -> 3 | J24: =IF(F24>E24,F24-E24,0) -> 5 | K24: =IF(G24>F24,G24-F24,0) -> 3 | L24: No | N24: 45978 | O24: 3 | P24: 5 | Q24: 3 | R24: 8 | S24: =IF(R24>=9,"Promoter",IF(R24>=7,"Passive","Detractor")) -> Passive
A25: L1023 | B25: Bangalore MBC | C25: Warm | D25: 45939 | E25: 45941 | F25: 45945 | G25: 45949 | H25: =IF(G25<>"","Delivered",IF(F25<>"","Booked",IF(E25<>"","Pre-Booked",IF(D25<>"","Cancelled","")))) -> Delivered | I25: =IF(E25>D25,E25-D25,0) -> 2 | J25: =IF(F25>E25,F25-E25,0) -> 4 | K25: =IF(G25>F25,G25-F25,0) -> 4 | L25: No | N25: 45963 | O25: 2 | P25: 4 | Q25: 4 | R25: 3 | S25: =IF(R25>=9,"Promoter",IF(R25>=7,"Passive","Detractor")) -> Detractor
A26: L1024 | B26: Delhi MBC | C26: Warm | D26: 45950 | E26: 45955 | F26: 45957 | G26: 45964 | H26: =IF(G26<>"","Delivered",IF(F26<>"","Booked",IF(E26<>"","Pre-Booked",IF(D26<>"","Cancelled","")))) -> Delivered | I26: =IF(E26>D26,E26-D26,0) -> 5 | J26: =IF(F26>E26,F26-E26,0) -> 2 | K26: =IF(G26>F26,G26-F26,0) -> 7 | L26: No | N26: 45984 | O26: 5 | P26: 2 | Q26: 7 | R26: 1 | S26: =IF(R26>=9,"Promoter",IF(R26>=7,"Passive","Detractor")) -> Detractor
A27: L1025 | B27: Chennai MBC | C27: Warm | D27: 45956 | E27: 45957 | F27: 45962 | G27: 45964 | H27: =IF(G27<>"","Delivered",IF(F27<>"","Booked",IF(E27<>"","Pre-Booked",IF(D27<>"","Cancelled","")))) -> Delivered | I27: =IF(E27>D27,E27-D27,0) -> 1 | J27: =IF(F27>E27,F27-E27,0) -> 5 | K27: =IF(G27>F27,G27-F27,0) -> 2 | L27: No | N27: 45979 | O27: 1 | P27: 5 | Q27: 2 | R27: 4 | S27: =IF(R27>=9,"Promoter",IF(R27>=7,"Passive","Detractor")) -> Detractor
A28: L1026 | B28: Mumbai MBC | C28: Warm | D28: 45960 | E28: 45965 | F28: 45970 | G28: 45976 | H28: =IF(G28<>"","Delivered",IF(F28<>"","Booked",IF(E28<>"","Pre-Booked",IF(D28<>"","Cancelled","")))) -> Delivered | I28: =IF(E28>D28,E28-D28,0) -> 5 | J28: =IF(F28>E28,F28-E28,0) -> 5 | K28: =IF(G28>F28,G28-F28,0) -> 6 | L28: No | N28: 45996 | O28: 5 | P28: 5 | Q28: 6 | R28: 1 | S28: =IF(R28>=9,"Promoter",IF(R28>=7,"Passive","Detractor")) -> Detractor
... A30: L1028 | B30: Mumbai MBC | C30: Warm | D30: 45955 | E30: 45960 | F30: 45962 | G30: 45968 | H30: =IF(G30<>"","Delivered",IF(F30<>"","Booked",IF(E30<>"","Pre-Booked",IF(D30<>"","Cancelled","")))) -> Delivered | I30: =IF(E30>D30,E30-D30,0) -> 5 | J30: =IF(F30>E30,F30-E30,0) -> 2 | K30: =IF(G30>F30,G30-F30,0) -> 6 | L30: No | N30: 45978 | O30: 5 | P30: 2 | Q30: 6 | R30: 3 | S30: =IF(R30>=9,"Promoter",IF(R30>=7,"Passive","Detractor")) -> Detractor
A31: L1029 | B31: Bangalore MBC | C31: Cold | D31: 45946 | H31: =IF(G31<>"","Delivered",IF(F31<>"","Booked",IF(E31<>"","Pre-Booked",IF(D31<>"","Cancelled","")))) -> Cancelled | I31: =IF(E31>D31,E31-D31,0) -> 0 | J31: =IF(F31>E31,F31-E31,0) -> 0 | K31: =IF(G31>F31,G31-F31,0) -> 0 | L31: Yes | M31: Changed Mind | S31: =IF(R31>=9,"Promoter",IF(R31>=7,"Passive","Detractor")) -> Detractor
A32: L1030 | B32: Delhi MBC | C32: Warm | D32: 45945 | E32: 45948 | F32: 45950 | G32: 45953 | H32: =IF(G32<>"","Delivered",IF(F32<>"","Booked",IF(E32<>"","Pre-Booked",IF(D32<>"","Cancelled","")))) -> Delivered | I32: =IF(E32>D32,E32-D32,0) -> 3 | J32: =IF(F32>E32,F32-E32,0) -> 2 | K32: =IF(G32>F32,G32-F32,0) -> 3 | L32: No | N32: 45967 | O32: 3 | P32: 2 | Q32: 3 | R32: 3 | S32: =IF(R32>=9,"Promoter",IF(R32>=7,"Passive","Detractor")) -> Detractor
A33: L1031 | B33: Mumbai MBC | C33: Warm | D33: 45944 | E33: 45945 | F33: 45946 | G33: 45950 | H33: =IF(G33<>"","Delivered",IF(F33<>"","Booked",IF(E33<>"","Pre-Booked",IF(D33<>"","Cancelled","")))) -> Delivered | I33: =IF(E33>D33,E33-D33,0) -> 1 | J33: =IF(F33>E33,F33-E33,0) -> 1 | K33: =IF(G33>F33,G33-F33,0) -> 4 | L33: No | N33: 45978 | O33: 1 | P33: 1 | Q33: 4 | R33: 5 | S33: =IF(R33>=9,"Promoter",IF(R33>=7,"Passive","Detractor")) -> Detractor
A34: L1032 | B34: Bangalore MBC | C34: Warm | D34: 45957 | E34: 45961 | F34: 45966 | G34: 45970 | H34: =IF(G34<>"","Delivered",IF(F34<>"","Booked",IF(E34<>"","Pre-Booked",IF(D34<>"","Cancelled","")))) -> Delivered | I34: =IF(E34>D34,E34-D34,0) -> 4 | J34: =IF(F34>E34,F34-E34,0) -> 5 | K34: =IF(G34>F34,G34-F34,0) -> 4 | L34: No | N34: 45984 | O34: 4 | P34: 5 | Q34: 4 | R34: 3 | S34: =IF(R34>=9,"Promoter",IF(R34>=7,"Passive","Detractor")) -> Detractor
A35: L1033 | B35: Delhi MBC | C35: Warm | D35: 45954 | E35: 45957 | F35: 45958 | G35: 45961 | H35: =IF(G35<>"","Delivered",IF(F35<>"","Booked",IF(E35<>"","Pre-Booked",IF(D35<>"","Cancelled","")))) -> Delivered | I35: =IF(E35>D35,E35-D35,0) -> 3 | J35: =IF(F35>E35,F35-E35,0) -> 1 | K35: =IF(G35>F35,G35-F35,0) -> 3 | L35: No | N35: 45974 | O35: 3 | P35: 1 | Q35: 3 | R35: 3 | S35: =IF(R35>=9,"Promoter",IF(R35>=7,"Passive","Detractor")) -> Detractor
A36: L1034 | B36: Mumbai MBC | C36: Cold | D36: 45949 | H36: =IF(G36<>"","Delivered",IF(F36<>"","Booked",IF(E36<>"","Pre-Booked",IF(D36<>"","Cancelled","")))) -> Cancelled | I36: =IF(E36>D36,E36-D36,0) -> 0 | J36: =IF(F36>E36,F36-E36,0) -> 0 | K36: =IF(G36>F36,G36-F36,0) -> 0 | L36: Yes | M36: Model Unavailable | S36: =IF(R36>=9,"Promoter",IF(R36>=7,"Passive","Detractor")) -> Detractor
A37: L1035 | B37: Mumbai MBC | C37: Warm | D37: 45939 | E37: 45943 | F37: 45945 | G37: 45950 | H37: =IF(G37<>"","Delivered",IF(F37<>"","Booked",IF(E37<>"","Pre-Booked",IF(D37<>"","Cancelled","")))) -> Delivered | I37: =IF(E37>D37,E37-D37,0) -> 4 | J37: =IF(F37>E37,F37-E37,0) -> 2 | K37: =IF(G37>F37,G37-F37,0) -> 5 | L37: No | N37: 45976 | O37: 4 | P37: 2 | Q37: 5 | R37: 9 | S37: =IF(R37>=9,"Promoter",IF(R37>=7,"Passive","Detractor")) -> Promoter
A38: L1036 | B38: Bangalore MBC | C38: Warm | D38: 45941 | E38: 45942 | F38: 45943 | G38: 45945 | H38: =IF(G38<>"","Delivered",IF(F38<>"","Booked",IF(E38<>"","Pre-Booked",IF(D38<>"","Cancelled","")))) -> Delivered | I38: =IF(E38>D38,E38-D38,0) -> 1 | J38: =IF(F38>E38,F38-E38,0) -> 1 | K38: =IF(G38>F38,G38-F38,0) -> 2 | L38: Yes | M38: Financing Issue | O38: 1 | P38: 1 | Q38: 2 | S38: =IF(R38>=9,"Promoter",IF(R38>=7,"Passive","Detractor")) -> Detractor
A39: L1037 | B39: Bangalore MBC | C39: Warm | D39: 45958 | E39: 45961 | F39: 45965 | G39: 45969 | H39: =IF(G39<>"","Delivered",IF(F39<>"","Booked",IF(E39<>"","Pre-Booked",IF(D39<>"","Cancelled","")))) -> Delivered | I39: =IF(E39>D39,E39-D39,0) -> 3 | J39: =IF(F39>E39,F39-E39,0) -> 4 | K39: =IF(G39>F39,G39-F39,0) -> 4 | L39: No | N39: 45990 | O39: 3 | P39: 4 | Q39: 4 | R39: 2 | S39: =IF(R39>=9,"Promoter",IF(R39>=7,"Passive","Detractor")) -> Detractor
A40: L1038 | B40: Bangalore MBC | C40: Warm | D40: 45938 | E40: 45943 | F40: 45946 | G40: 45953 | H40: =IF(G40<>"","Delivered",IF(F40<>"","Booked",IF(E40<>"","Pre-Booked",IF(D40<>"","Cancelled","")))) -> Delivered | I40: =IF(E40>D40,E40-D40,0) -> 5 | J40: =IF(F40>E40,F40-E40,0) -> 3 | K40: =IF(G40>F40,G40-F40,0) -> 7 | L40: No | N40: 45965 | O40: 5 | P40: 3 | Q40: 7 | R40: 9 | S40: =IF(R40>=9,"Promoter",IF(R40>=7,"Passive","Detractor")) -> Promoter
A41: L1039 | B41: Delhi MBC | C41: Warm | D41: 45957 | E41: 45960 | F41: 45964 | G41: 45969 | H41: =IF(G41<>"","Delivered",IF(F41<>"","Booked",IF(E41<>"","Pre-Booked",IF(D41<>"","Cancelled","")))) -> Delivered | I41: =IF(E41>D41,E41-D41,0) -> 3 | J41: =IF(F41>E41,F41-E41,0) -> 4 | K41: =IF(G41>F41,G41-F41,0) -> 5 | L41: Yes | M41: Other | O41: 3 | P41: 4 | Q41: 5 | S41: =IF(R41>=9,"Promoter",IF(R41>=7,"Passive","Detractor")) -> Detractor
A42: L1040 | B42: Bangalore MBC | C42: Cold | D42: 45960 | H42: =IF(G42<>"","Delivered",IF(F42<>"","Booked",IF(E42<>"","Pre-Booked",IF(D42<>"","Cancelled","")))) -> Cancelled | I42: =IF(E42>D42,E42-D42,0) -> 0 | J42: =IF(F42>E42,F42-E42,0) -> 0 | K42: =IF(G42>F42,G42-F42,0) -> 0 | L42: Yes | M42: Model Unavailable | S42: =IF(R42>=9,"Promoter",IF(R42>=7,"Passive","Detractor")) -> Detractor
A43: L1041 | B43: Mumbai MBC | C43: Warm | D43: 45933 | E43: 45936 | F43: 45938 | G43: 45944 | H43: =IF(G43<>"","Delivered",IF(F43<>"","Booked",IF(E43<>"","Pre-Booked",IF(D43<>"","Cancelled","")))) -> Delivered | I43: =IF(E43>D43,E43-D43,0) -> 3 | J43: =IF(F43>E43,F43-E43,0) -> 2 | K43: =IF(G43>F43,G43-F43,0) -> 6 | L43: No | N43: 45965 | O43: 3 | P43: 2 | Q43: 6 | R43: 6 | S43: =IF(R43>=9,"Promoter",IF(R43>=7,"Passive","Detractor")) -> Detractor
A44: L1042 | B44: Mumbai MBC | C44: Warm | D44: 45939 | E44: 45940 | F44: 45944 | G44: 45951 | H44: =IF(G44<>"","Delivered",IF(F44<>"","Booked",IF(E44<>"","Pre-Booked",IF(D44<>"","Cancelled","")))) -> Delivered | I44: =IF(E44>D44,E44-D44,0) -> 1 | J44: =IF(F44>E44,F44-E44,0) -> 4 | K44: =IF(G44>F44,G44-F44,0) -> 7 | L44: No | N44: 45973 | O44: 1 | P44: 4 | Q44: 7 | R44: 7 | S44: =IF(R44>=9,"Promoter",IF(R44>=7,"Passive","Detractor")) -> Passive
A45: L1043 | B45: Bangalore MBC | C45: Cold | D45: 45959 | H45: =IF(G45<>"","Delivered",IF(F45<>"","Booked",IF(E45<>"","Pre-Booked",IF(D45<>"","Cancelled","")))) -> Cancelled | I45: =IF(E45>D45,E45-D45,0) -> 0 | J45: =IF(F45>E45,F45-E45,0) -> 0 | K45: =IF(G45>F45,G45-F45,0) -> 0 | L45: Yes | M45: Changed Mind | S45: =IF(R45>=9,"Promoter",IF(R45>=7,"Passive","Detractor")) -> Detractor
A46: L1044 | B46: Bangalore MBC | C46: Hot | D46: 45945 | E46: 45950 | F46: 45952 | G46: 45956 | H46: =IF(G46<>"","Delivered",IF(F46<>"","Booked",IF(E46<>"","Pre-Booked",IF(D46<>"","Cancelled","")))) -> Delivered | I46: =IF(E46>D46,E46-D46,0) -> 5 | J46: =IF(F46>E46,F46-E46,0) -> 2 | K46: =IF(G46>F46,G46-F46,0) -> 4 | L46: No | N46: 45984 | O46: 5 | P46: 2 | Q46: 4 | R46: 8 | S46: =IF(R46>=9,"Promoter",IF(R46>=7,"Passive","Detractor")) -> Passive
A47: L1045 | B47: Chennai MBC | C47: Hot | D47: 45938 | E47: 45943 | F47: 45947 | G47: 45953 | H47: =IF(G47<>"","Delivered",IF(F47<>"","Booked",IF(E47<>"","Pre-Booked",IF(D47<>"","Cancelled","")))) -> Delivered | I47: =IF(E47>D47,E47-D47,0) -> 5 | J47: =IF(F47>E47,F47-E47,0) -> 4 | K47: =IF(G47>F47,G47-F47,0) -> 6 | L47: No | N47: 45966 | O47: 5 | P47: 4 | Q47: 6 | R47: 3 | S47: =IF(R47>=9,"Promoter",IF(R47>=7,"Passive","Detractor")) -> Detractor
A48: L1046 | B48: Mumbai MBC | C48: Warm | D48: 45955 | E48: 45957 | F48: 45962 | G48: 45967 | H48: =IF(G48<>"","Delivered",IF(F48<>"","Booked",IF(E48<>"","Pre-Booked",IF(D48<>"","Cancelled","")))) -> Delivered | I48: =IF(E48>D48,E48-D48,0) -> 2 | J48: =IF(F48>E48,F48-E48,0) -> 5 | K48: =IF(G48>F48,G48-F48,0) -> 5 | L48: No | N48: 45987 | O48: 2 | P48: 5 | Q48: 5 | R48: 5 | S48: =IF(R48>=9,"Promoter",IF(R48>=7,"Passive","Detractor")) -> Detractor
A49: L1047 | B49: Delhi MBC | C49: Cold | D49: 45945 | H49: =IF(G49<>"","Delivered",IF(F49<>"","Booked",IF(E49<>"","Pre-Booked",IF(D49<>"","Cancelled","")))) -> Cancelled | I49: =IF(E49>D49,E49-D49,0) -> 0 | J49: =IF(F49>E49,F49-E49,0) -> 0 | K49: =IF(G49>F49,G49-F49,0) -> 0 | L49: Yes | M49: Model Unavailable | S49: =IF(R49>=9,"Promoter",IF(R49>=7,"Passive","Detractor")) -> Detractor
A50: L1048 | B50: Chennai MBC | C50: Hot | D50: 45949 | E50: 45951 | F50: 45956 | G50: 45962 | H50: =IF(G50<>"","Delivered",IF(F50<>"","Booked",IF(E50<>"","Pre-Booked",IF(D50<>"","Cancelled","")))) -> Delivered | I50: =IF(E50>D50,E50-D50,0) -> 2 | J50: =IF(F50>E50,F50-E50,0) -> 5 | K50: =IF(G50>F50,G50-F50,0) -> 6 | L50: No | N50: 45981 | O50: 2 | P50: 5 | Q50: 6 | R50: 0 | S50: =IF(R50>=9,"Promoter",IF(R50>=7,"Passive","Detractor")) -> Detractor
A51: L1049 | B51: Bangalore MBC | C51: Hot | D51: 45950 | E51: 45954 | F51: 45958 | G51: 45963 | H51: =IF(G51<>"","Delivered",IF(F51<>"","Booked",IF(E51<>"","Pre-Booked",IF(D51<>"","Cancelled","")))) -> Delivered | I51: =IF(E51>D51,E51-D51,0) -> 4 | J51: =IF(F51>E51,F51-E51,0) -> 4 | K51: =IF(G51>F51,G51-F51,0) -> 5 | L51: No | N51: 45983 | O51: 4 | P51: 4 | Q51: 5 | R51: 6 | S51: =IF(R51>=9,"Promoter",IF(R51>=7,"Passive","Detractor")) -> Detractor
A52: L1050 | B52: Bangalore MBC | C52: Hot | D52: 45952 | E52: 45954 | F52: 45955 | G52: 45961 | H52: =IF(G52<>"","Delivered",IF(F52<>"","Booked",IF(E52<>"","Pre-Booked",IF(D52<>"","Cancelled","")))) -> Delivered | I52: =IF(E52>D52,E52-D52,0) -> 2 | J52: =IF(F52>E52,F52-E52,0) -> 1 | K52: =IF(G52>F52,G52-F52,0) -> 6 | L52: No | N52: 45975 | O52: 2 | P52: 1 | Q52: 6 | R52: 6 | S52: =IF(R52>=9,"Promoter",IF(R52>=7,"Passive","Detractor")) -> Detractor
A53: L1051 | B53: Mumbai MBC | C53: Hot | D53: 45943 | E53: 45944 | F53: 45946 | G53: 45948 | H53: =IF(G53<>"","Delivered",IF(F53<>"","Booked",IF(E53<>"","Pre-Booked",IF(D53<>"","Cancelled","")))) -> Delivered | I53: =IF(E53>D53,E53-D53,0) -> 1 | J53: =IF(F53>E53,F53-E53,0) -> 2 | K53: =IF(G53>F53,G53-F53,0) -> 2 | L53: No | N53: 45963 | O53: 1 | P53: 2 | Q53: 2 | R53: 6 | S53: =IF(R53>=9,"Promoter",IF(R53>=7,"Passive","Detractor")) -> Detractor
A54: L1052 | B54: Bangalore MBC | C54: Hot | D54: 45941 | E54: 45944 | F54: 45949 | G54: 45953 | H54: =IF(G54<>"","Delivered",IF(F54<>"","Booked",IF(E54<>"","Pre-Booked",IF(D54<>"","Cancelled","")))) -> Delivered | I54: =IF(E54>D54,E54-D54,0) -> 3 | J54: =IF(F54>E54,F54-E54,0) -> 5 | K54: =IF(G54>F54,G54-F54,0) -> 4 | L54: No | N54: 45976 | O54: 3 | P54: 5 | Q54: 4 | R54: 4 | S54: =IF(R54>=9,"Promoter",IF(R54>=7,"Passive","Detractor")) -> Detractor
A55: L1053 | B55: Delhi MBC | C55: Warm | D55: 45931 | E55: 45936 | F55: 45938 | G55: 45942 | H55: =IF(G55<>"","Delivered",IF(F55<>"","Booked",IF(E55<>"","Pre-Booked",IF(D55<>"","Cancelled","")))) -> Delivered | I55: =IF(E55>D55,E55-D55,0) -> 5 | J55: =IF(F55>E55,F55-E55,0) -> 2 | K55: =IF(G55>F55,G55-F55,0) -> 4 | L55: No | N55: 45972 | O55: 5 | P55: 2 | Q55: 4 | R55: 4 | S55: =IF(R55>=9,"Promoter",IF(R55>=7,"Passive","Detractor")) -> Detractor
A56: L1054 | B56: Mumbai MBC | C56: Warm | D56: 45946 | E56: 45949 | F56: 45954 | G56: 45959 | H56: =IF(G56<>"","Delivered",IF(F56<>"","Booked",IF(E56<>"","Pre-Booked",IF(D56<>"","Cancelled","")))) -> Delivered | I56: =IF(E56>D56,E56-D56,0) -> 3 | J56: =IF(F56>E56,F56-E56,0) -> 5 | K56: =IF(G56>F56,G56-F56,0) -> 5 | L56: No | N56: 45984 | O56: 3 | P56: 5 | Q56: 5 | R56: 8 | S56: =IF(R56>=9,"Promoter",IF(R56>=7,"Passive","Detractor")) -> Passive
A57: L1055 | B57: Bangalore MBC | C57: Hot | D57: 45958 | E57: 45959 | F57: 45962 | G57: 45968 | H57: =IF(G57<>"","Delivered",IF(F57<>"","Booked",IF(E57<>"","Pre-Booked",IF(D57<>"","Cancelled","")))) -> Delivered | I57: =IF(E57>D57,E57-D57,0) -> 1 | J57: =IF(F57>E57,F57-E57,0) -> 3 | K57: =IF(G57>F57,G57-F57,0) -> 6 | L57: No | N57: 45998 | O57: 1 | P57: 3 | Q57: 6 | R57: 3 | S57: =IF(R57>=9,"Promoter",IF(R57>=7,"Passive","Detractor")) -> Detractor
A58: L1056 | B58: Mumbai MBC | C58: Warm | D58: 45941 | E58: 45944 | F58: 45948 | G58: 45951 | H58: =IF(G58<>"","Delivered",IF(F58<>"","Booked",IF(E58<>"","Pre-Booked",IF(D58<>"","Cancelled","")))) -> Delivered | I58: =IF(E58>D58,E58-D58,0) -> 3 | J58: =IF(F58>E58,F58-E58,0) -> 4 | K58: =IF(G58>F58,G58-F58,0) -> 3 | L58: No | N58: 45971 | O58: 3 | P58: 4 | Q58: 3 | R58: 6 | S58: =IF(R58>=9,"Promoter",IF(R58>=7,"Passive","Detractor")) -> Detractor
A59: L1057 | B59: Bangalore MBC | C59: Hot | D59: 45936 | E59: 45941 | F59: 45946 | G59: 45953 | H59: =IF(G59<>"","Delivered",IF(F59<>"","Booked",IF(E59<>"","Pre-Booked",IF(D59<>"","Cancelled","")))) -> Delivered | I59: =IF(E59>D59,E59-D59,0) -> 5 | J59: =IF(F59>E59,F59-E59,0) -> 5 | K59: =IF(G59>F59,G59-F59,0) -> 7 | L59: No | N59: 45968 | O59: 5 | P59: 5 | Q59: 7 | R59: 1 | S59: =IF(R59>=9,"Promoter",IF(R59>=7,"Passive","Detractor")) -> Detractor
A60: L1058 | B60: Bangalore MBC | C60: Warm | D60: 45946 | E60: 45948 | F60: 45952 | G60: 45959 | H60: =IF(G60<>"","Delivered",IF(F60<>"","Booked",IF(E60<>"","Pre-Booked",IF(D60<>"","Cancelled","")))) -> Delivered | I60: =IF(E60>D60,E60-D60,0) -> 2 | J60: =IF(F60>E60,F60-E60,0) -> 4 | K60: =IF(G60>F60,G60-F60,0) -> 7 | L60: Yes | M60: Financing Issue | O60: 2 | P60: 4 | Q60: 7 | S60: =IF(R60>=9,"Promoter",IF(R60>=7,"Passive","Detractor")) -> Detractor
A61: L1059 | B61: Bangalore MBC | C61: Warm | D61: 45937 | E61: 45941 | F61: 45944 | G61: 45948 | H61: =IF(G61<>"","Delivered",IF(F61<>"","Booked",IF(E61<>"","Pre-Booked",IF(D61<>"","Cancelled","")))) -> Delivered | I61: =IF(E61>D61,E61-D61,0) -> 4 | J61: =IF(F61>E61,F61-E61,0) -> 3 | K61: =IF(G61>F61,G61-F61,0) -> 4 | L61: No | N61: 45975 | O61: 4 | P61: 3 | Q61: 4 | R61: 2 | S61: =IF(R61>=9,"Promoter",IF(R61>=7,"Passive","Detractor")) -> Detractor
A62: L1060 | B62: Delhi MBC | C62: Warm | D62: 45942 | E62: 45947 | F62: 45949 | G62: 45955 | H62: =IF(G62<>"","Delivered",IF(F62<>"","Booked",IF(E62<>"","Pre-Booked",IF(D62<>"","Cancelled","")))) -> Delivered | I62: =IF(E62>D62,E62-D62,0) -> 5 | J62: =IF(F62>E62,F62-E62,0) -> 2 | K62: =IF(G62>F62,G62-F62,0) -> 6 | L62: No | N62: 45984 | O62: 5 | P62: 2 | Q62: 6 | R62: 7 | S62: =IF(R62>=9,"Promoter",IF(R62>=7,"Passive","Detractor")) -> Passive
A63: L1061 | B63: Delhi MBC | C63: Hot | D63: 45956 | E63: 45961 | F63: 45965 | G63: 45971 | H63: =IF(G63<>"","Delivered",IF(F63<>"","Booked",IF(E63<>"","Pre-Booked",IF(D63<>"","Cancelled","")))) -> Delivered | I63: =IF(E63>D63,E63-D63,0) -> 5 | J63: =IF(F63>E63,F63-E63,0) -> 4 | K63: =IF(G63>F63,G63-F63,0) -> 6 | L63: No | N63: 45992 | O63: 5 | P63: 4 | Q63: 6 | R63: 9 | S63: =IF(R63>=9,"Promoter",IF(R63>=7,"Passive","Detractor")) -> Promoter
A64: L1062 | B64: Mumbai MBC | C64: Warm | D64: 45939 | E64: 45944 | F64: 45949 | G64: 45951 | H64: =IF(G64<>"","Delivered",IF(F64<>"","Booked",IF(E64<>"","Pre-Booked",IF(D64<>"","Cancelled","")))) -> Delivered | I64: =IF(E64>D64,E64-D64,0) -> 5 | J64: =IF(F64>E64,F64-E64,0) -> 5 | K64: =IF(G64>F64,G64-F64,0) -> 2 | L64: No | N64: 45968 | O64: 5 | P64: 5 | Q64: 2 | R64: 3 | S64: =IF(R64>=9,"Promoter",IF(R64>=7,"Passive","Detractor")) -> Detractor
A65: L1063 | B65: Bangalore MBC | C65: Hot | D65: 45941 | E65: 45946 | F65: 45949 | G65: 45956 | H65: =IF(G65<>"","Delivered",IF(F65<>"","Booked",IF(E65<>"","Pre-Booked",IF(D65<>"","Cancelled","")))) -> Delivered | I65: =IF(E65>D65,E65-D65,0) -> 5 | J65: =IF(F65>E65,F65-E65,0) -> 3 | K65: =IF(G65>F65,G65-F65,0) -> 7 | L65: No | N65: 45984 | O65: 5 | P65: 3 | Q65: 7 | R65: 3 | S65: =IF(R65>=9,"Promoter",IF(R65>=7,"Passive","Detractor")) -> Detractor
A66: L1064 | B66: Bangalore MBC | C66: Cold | D66: 45939 | H66: =IF(G66<>"","Delivered",IF(F66<>"","Booked",IF(E66<>"","Pre-Booked",IF(D66<>"","Cancelled","")))) -> Cancelled | I66: =IF(E66>D66,E66-D66,0) -> 0 | J66: =IF(F66>E66,F66-E66,0) -> 0 | K66: =IF(G66>F66,G66-F66,0) -> 0 | L66: Yes | M66: Other | S66: =IF(R66>=9,"Promoter",IF(R66>=7,"Passive","Detractor")) -> Detractor
A67: L1065 | B67: Delhi MBC | C67: Warm | D67: 45959 | E67: 45960 | F67: 45965 | G67: 45968 | H67: =IF(G67<>"","Delivered",IF(F67<>"","Booked",IF(E67<>"","Pre-Booked",IF(D67<>"","Cancelled","")))) -> Delivered | I67: =IF(E67>D67,E67-D67,0) -> 1 | J67: =IF(F67>E67,F67-E67,0) -> 5 | K67: =IF(G67>F67,G67-F67,0) -> 3 | L67: No | N67: 45983 | O67: 1 | P67: 5 | Q67: 3 | R67: 10 | S67: =IF(R67>=9,"Promoter",IF(R67>=7,"Passive","Detractor")) -> Promoter
A68: L1066 | B68: Bangalore MBC | C68: Warm | D68: 45950 | E68: 45955 | F68: 45958 | G68: 45962 | H68: =IF(G68<>"","Delivered",IF(F68<>"","Booked",IF(E68<>"","Pre-Booked",IF(D68<>"","Cancelled","")))) -> Delivered | I68: =IF(E68>D68,E68-D68,0) -> 5 | J68: =IF(F68>E68,F68-E68,0) -> 3 | K68: =IF(G68>F68,G68-F68,0) -> 4 | L68: No | N68: 45984 | O68: 5 | P68: 3 | Q68: 4 | R68: 4 | S68: =IF(R68>=9,"Promoter",IF(R68>=7,"Passive","Detractor")) -> Detractor
A69: L1067 | B69: Delhi MBC | C69: Hot | D69: 45953 | E69: 45956 | F69: 45959 | G69: 45961 | H69: =IF(G69<>"","Delivered",IF(F69<>"","Booked",IF(E69<>"","Pre-Booked",IF(D69<>"","Cancelled","")))) -> Delivered | I69: =IF(E69>D69,E69-D69,0) -> 3 | J69: =IF(F69>E69,F69-E69,0) -> 3 | K69: =IF(G69>F69,G69-F69,0) -> 2 | L69: No | N69: 45980 | O69: 3 | P69: 3 | Q69: 2 | R69: 5 | S69: =IF(R69>=9,"Promoter",IF(R69>=7,"Passive","Detractor")) -> Detractor
A70: L1068 | B70: Bangalore MBC | C70: Cold | D70: 45959 | H70: =IF(G70<>"","Delivered",IF(F70<>"","Booked",IF(E70<>"","Pre-Booked",IF(D70<>"","Cancelled","")))) -> Cancelled | I70: =IF(E70>D70,E70-D70,0) -> 0 | J70: =IF(F70>E70,F70-E70,0) -> 0 | K70: =IF(G70>F70,G70-F70,0) -> 0 | L70: Yes | M70: Financing Issue | S70: =IF(R70>=9,"Promoter",IF(R70>=7,"Passive","Detractor")) -> Detractor
A71: L1069 | B71: Mumbai MBC | C71: Hot | D71: 45939 | E71: 45940 | F71: 45945 | G71: 45948 | H71: =IF(G71<>"","Delivered",IF(F71<>"","Booked",IF(E71<>"","Pre-Booked",IF(D71<>"","Cancelled","")))) -> Delivered | I71: =IF(E71>D71,E71-D71,0) -> 1 | J71: =IF(F71>E71,F71-E71,0) -> 5 | K71: =IF(G71>F71,G71-F71,0) -> 3 | L71: No | N71: 45967 | O71: 1 | P71: 5 | Q71: 3 | R71: 1 | S71: =IF(R71>=9,"Promoter",IF(R71>=7,"Passive","Detractor")) -> Detractor
A72: L1070 | B72: Bangalore MBC | C72: Hot | D72: 45948 | E72: 45950 | F72: 45954 | G72: 45958 | H72: =IF(G72<>"","Delivered",IF(F72<>"","Booked",IF(E72<>"","Pre-Booked",IF(D72<>"","Cancelled","")))) -> Delivered | I72: =IF(E72>D72,E72-D72,0) -> 2 | J72: =IF(F72>E72,F72-E72,0) -> 4 | K72: =IF(G72>F72,G72-F72,0) -> 4 | L72: No | N72: 45972 | O72: 2 | P72: 4 | Q72: 4 | R72: 10 | S72: =IF(R72>=9,"Promoter",IF(R72>=7,"Passive","Detractor")) -> Promoter
A73: L1071 | B73: Bangalore MBC | C73: Warm | D73: 45931 | E73: 45934 | F73: 45936 | G73: 45938 | H73: =IF(G73<>"","Delivered",IF(F73<>"","Booked",IF(E73<>"","Pre-Booked",IF(D73<>"","Cancelled","")))) -> Delivered | I73: =IF(E73>D73,E73-D73,0) -> 3 | J73: =IF(F73>E73,F73-E73,0) -> 2 | K73: =IF(G73>F73,G73-F73,0) -> 2 | L73: No | N73: 45953 | O73: 3 | P73: 2 | Q73: 2 | R73: 7 | S73: =IF(R73>=9,"Promoter",IF(R73>=7,"Passive","Detractor")) -> Passive
A74: L1072 | B74: Chennai MBC | C74: Hot | D74: 45947 | E74: 45950 | F74: 45952 | G74: 45955 | H74: =IF(G74<>"","Delivered",IF(F74<>"","Booked",IF(E74<>"","Pre-Booked",IF(D74<>"","Cancelled","")))) -> Delivered | I74: =IF(E74>D74,E74-D74,0) -> 3 | J74: =IF(F74>E74,F74-E74,0) -> 2 | K74: =IF(G74>F74,G74-F74,0) -> 3 | L74: No | N74: 45965 | O74: 3 | P74: 2 | Q74: 3 | R74: 6 | S74: =IF(R74>=9,"Promoter",IF(R74>=7,"Passive","Detractor")) -> Detractor
A75: L1073 | B75: Delhi MBC | C75: Cold | D75: 45961 | H75: =IF(G75<>"","Delivered",IF(F75<>"","Booked",IF(E75<>"","Pre-Booked",IF(D75<>"","Cancelled","")))) -> Cancelled | I75: =IF(E75>D75,E75-D75,0) -> 0 | J75: =IF(F75>E75,F75-E75,0) -> 0 | K75: =IF(G75>F75,G75-F75,0) -> 0 | L75: Yes | M75: Price | S75: =IF(R75>=9,"Promoter",IF(R75>=7,"Passive","Detractor")) -> Detractor
A76: L1074 | B76: Bangalore MBC | C76: Warm | D76: 45937 | E76: 45940 | F76: 45943 | G76: 45947 | H76: =IF(G76<>"","Delivered",IF(F76<>"","Booked",IF(E76<>"","Pre-Booked",IF(D76<>"","Cancelled","")))) -> Delivered | I76: =IF(E76>D76,E76-D76,0) -> 3 | J76: =IF(F76>E76,F76-E76,0) -> 3 | K76: =IF(G76>F76,G76-F76,0) -> 4 | L76: No | N76: 45975 | O76: 3 | P76: 3 | Q76: 4 | R76: 0 | S76: =IF(R76>=9,"Promoter",IF(R76>=7,"Passive","Detractor")) -> Detractor
A77: L1075 | B77: Bangalore MBC | C77: Hot | D77: 45933 | E77: 45936 | F77: 45941 | G77: 45948 | H77: =IF(G77<>"","Delivered",IF(F77<>"","Booked",IF(E77<>"","Pre-Booked",IF(D77<>"","Cancelled","")))) -> Delivered | I77: =IF(E77>D77,E77-D77,0) -> 3 | J77: =IF(F77>E77,F77-E77,0) -> 5 | K77: =IF(G77>F77,G77-F77,0) -> 7 | L77: No | N77: 45970 | O77: 3 | P77: 5 | Q77: 7 | R77: 1 | S77: =IF(R77>=9,"Promoter",IF(R77>=7,"Passive","Detractor")) -> Detractor
A78: L1076 | B78: Chennai MBC | C78: Warm | D78: 45938 | E78: 45939 | F78: 45942 | G78: 45945 | H78: =IF(G78<>"","Delivered",IF(F78<>"","Booked",IF(E78<>"","Pre-Booked",IF(D78<>"","Cancelled","")))) -> Delivered | I78: =IF(E78>D78,E78-D78,0) -> 1 | J78: =IF(F78>E78,F78-E78,0) -> 3 | K78: =IF(G78>F78,G78-F78,0) -> 3 | L78: No | N78: 45973 | O78: 1 | P78: 3 | Q78: 3 | R78: 8 | S78: =IF(R78>=9,"Promoter",IF(R78>=7,"Passive","Detractor")) -> Passive
A79: L1077 | B79: Chennai MBC | C79: Cold | D79: 45954 | H79: =IF(G79<>"","Delivered",IF(F79<>"","Booked",IF(E79<>"","Pre-Booked",IF(D79<>"","Cancelled","")))) -> Cancelled | I79: =IF(E79>D79,E79-D79,0) -> 0 | J79: =IF(F79>E79,F79-E79,0) -> 0 | K79: =IF(G79>F79,G79-F79,0) -> 0 | L79: Yes | M79: Other | S79: =IF(R79>=9,"Promoter",IF(R79>=7,"Passive","Detractor")) -> Detractor
A80: L1078 | B80: Delhi MBC | C80: Cold | D80: 45944 | H80: =IF(G80<>"","Delivered",IF(F80<>"","Booked",IF(E80<>"","Pre-Booked",IF(D80<>"","Cancelled","")))) -> Cancelled | I80: =IF(E80>D80,E80-D80,0) -> 0 | J80: =IF(F80>E80,F80-E80,0) -> 0 | K80: =IF(G80>F80,G80-F80,0) -> 0 | L80: Yes | M80: Financing Issue | S80: =IF(R80>=9,"Promoter",IF(R80>=7,"Passive","Detractor")) -> Detractor
A81: L1079 | B81: Chennai MBC | C81: Warm | D81: 45946 | E81: 45948 | F81: 45950 | G81: 45956 | H81: =IF(G81<>"","Delivered",IF(F81<>"","Booked",IF(E81<>"","Pre-Booked",IF(D81<>"","Cancelled","")))) -> Delivered | I81: =IF(E81>D81,E81-D81,0) -> 2 | J81: =IF(F81>E81,F81-E81,0) -> 2 | K81: =IF(G81>F81,G81-F81,0) -> 6 | L81: Yes | M81: Changed Mind | O81: 2 | P81: 2 | Q81: 6 | S81: =IF(R81>=9,"Promoter",IF(R81>=7,"Passive","Detractor")) -> Detractor
A82: L1080 | B82: Mumbai MBC | C82: Cold | D82: 45948 | H82: =IF(G82<>"","Delivered",IF(F82<>"","Booked",IF(E82<>"","Pre-Booked",IF(D82<>"","Cancelled","")))) -> Cancelled | I82: =IF(E82>D82,E82-D82,0) -> 0 | J82: =IF(F82>E82,F82-E82,0) -> 0 | K82: =IF(G82>F82,G82-F82,0) -> 0 | L82: Yes | M82: Other | S82: =IF(R82>=9,"Promoter",IF(R82>=7,"Passive","Detractor")) -> Detractor
A83: L1081 | B83: Chennai MBC | C83: Cold | D83: 45955 | H83: =IF(G83<>"","Delivered",IF(F83<>"","Booked",IF(E83<>"","Pre-Booked",IF(D83<>"","Cancelled","")))) -> Cancelled | I83: =IF(E83>D83,E83-D83,0) -> 0 | J83: =IF(F83>E83,F83-E83,0) -> 0 | K83: =IF(G83>F83,G83-F83,0) -> 0 | L83: Yes | M83: Other | S83: =IF(R83>=9,"Promoter",IF(R83>=7,"Passive","Detractor")) -> Detractor
A84: L1082 | B84: Mumbai MBC | C84: Warm | D84: 45938 | E84: 45940 | F84: 45943 | G84: 45948 | H84: =IF(G84<>"","Delivered",IF(F84<>"","Booked",IF(E84<>"","Pre-Booked",IF(D84<>"","Cancelled","")))) -> Delivered | I84: =IF(E84>D84,E84-D84,0) -> 2 | J84: =IF(F84>E84,F84-E84,0) -> 3 | K84: =IF(G84>F84,G84-F84,0) -> 5 | L84: No | N84: 45959 | O84: 2 | P84: 3 | Q84: 5 | R84: 5 | S84: =IF(R84>=9,"Promoter",IF(R84>=7,"Passive","Detractor")) -> Detractor
A85: L1083 | B85: Delhi MBC | C85: Hot | D85: 45953 | E85: 45958 | F85: 45961 | G85: 45966 | H85: =IF(G85<>"","Delivered",IF(F85<>"","Booked",IF(E85<>"","Pre-Booked",IF(D85<>"","Cancelled","")))) -> Delivered | I85: =IF(E85>D85,E85-D85,0) -> 5 | J85: =IF(F85>E85,F85-E85,0) -> 3 | K85: =IF(G85>F85,G85-F85,0) -> 5 | L85: No | N85: 45981 | O85: 5 | P85: 3 | Q85: 5 | R85: 5 | S85: =IF(R85>=9,"Promoter",IF(R85>=7,"Passive","Detractor")) -> Detractor
A86: L1084 | B86: Delhi MBC | C86: Warm | D86: 45946 | E86: 45950 | F86: 45952 | G86: 45958 | H86: =IF(G86<>"","Delivered",IF(F86<>"","Booked",IF(E86<>"","Pre-Booked",IF(D86<>"","Cancelled","")))) -> Delivered | I86: =IF(E86>D86,E86-D86,0) -> 4 | J86: =IF(F86>E86,F86-E86,0) -> 2 | K86: =IF(G86>F86,G86-F86,0) -> 6 | L86: No | N86: 45987 | O86: 4 | P86: 2 | Q86: 6 | R86: 4 | S86: =IF(R86>=9,"Promoter",IF(R86>=7,"Passive","Detractor")) -> Detractor
A87: L1085 | B87: Delhi MBC | C87: Cold | D87: 45951 | H87: =IF(G87<>"","Delivered",IF(F87<>"","Booked",IF(E87<>"","Pre-Booked",IF(D87<>"","Cancelled","")))) -> Cancelled | I87: =IF(E87>D87,E87-D87,0) -> 0 | J87: =IF(F87>E87,F87-E87,0) -> 0 | K87: =IF(G87>F87,G87-F87,0) -> 0 | L87: Yes | M87: Model Unavailable | S87: =IF(R87>=9,"Promoter",IF(R87>=7,"Passive","Detractor")) -> Detractor
A88: L1086 | B88: Delhi MBC | C88: Hot | D88: 45953 | E88: 45954 | F88: 45958 | G88: 45961 | H88: =IF(G88<>"","Delivered",IF(F88<>"","Booked",IF(E88<>"","Pre-Booked",IF(D88<>"","Cancelled","")))) -> Delivered | I88: =IF(E88>D88,E88-D88,0) -> 1 | J88: =IF(F88>E88,F88-E88,0) -> 4 | K88: =IF(G88>F88,G88-F88,0) -> 3 | L88: No | N88: 45981 | O88: 1 | P88: 4 | Q88: 3 | R88: 7 | S88: =IF(R88>=9,"Promoter",IF(R88>=7,"Passive","Detractor")) -> Passive
A89: L1087 | B89: Delhi MBC | C89: Cold | D89: 45946 | H89: =IF(G89<>"","Delivered",IF(F89<>"","Booked",IF(E89<>"","Pre-Booked",IF(D89<>"","Cancelled","")))) -> Cancelled | I89: =IF(E89>D89,E89-D89,0) -> 0 | J89: =IF(F89>E89,F89-E89,0) -> 0 | K89: =IF(G89>F89,G89-F89,0) -> 0 | L89: Yes | M89: Changed Mind | S89: =IF(R89>=9,"Promoter",IF(R89>=7,"Passive","Detractor")) -> Detractor
A90: L1088 | B90: Mumbai MBC | C90: Hot | D90: 45945 | E90: 45947 | F90: 45950 | G90: 45956 | H90: =IF(G90<>"","Delivered",IF(F90<>"","Booked",IF(E90<>"","Pre-Booked",IF(D90<>"","Cancelled","")))) -> Delivered | I90: =IF(E90>D90,E90-D90,0) -> 2 | J90: =IF(F90>E90,F90-E90,0) -> 3 | K90: =IF(G90>F90,G90-F90,0) -> 6 | L90: No | N90: 45985 | O90: 2 | P90: 3 | Q90: 6 | R90: 5 | S90: =IF(R90>=9,"Promoter",IF(R90>=7,"Passive","Detractor")) -> Detractor
A91: L1089 | B91: Mumbai MBC | C91: Hot | D91: 45956 | E91: 45957 | F91: 45961 | G91: 45966 | H91: =IF(G91<>"","Delivered",IF(F91<>"","Booked",IF(E91<>"","Pre-Booked",IF(D91<>"","Cancelled","")))) -> Delivered | I91: =IF(E91>D91,E91-D91,0) -> 1 | J91: =IF(F91>E91,F91-E91,0) -> 4 | K91: =IF(G91>F91,G91-F91,0) -> 5 | L91: No | N91: 45983 | O91: 1 | P91: 4 | Q91: 5 | R91: 8 | S91: =IF(R91>=9,"Promoter",IF(R91>=7,"Passive","Detractor")) -> Passive
A92: L1090 | B92: Delhi MBC | C92: Warm | D92: 45931 | E92: 45932 | F92: 45935 | G92: 45940 | H92: =IF(G92<>"","Delivered",IF(F92<>"","Booked",IF(E92<>"","Pre-Booked",IF(D92<>"","Cancelled","")))) -> Delivered | I92: =IF(E92>D92,E92-D92,0) -> 1 | J92: =IF(F92>E92,F92-E92,0) -> 3 | K92: =IF(G92>F92,G92-F92,0) -> 5 | L92: No | N92: 45970 | O92: 1 | P92: 3 | Q92: 5 | R92: 0 | S92: =IF(R92>=9,"Promoter",IF(R92>=7,"Passive","Detractor")) -> Detractor
A93: L1091 | B93: Chennai MBC | C93: Hot | D93: 45933 | E93: 45938 | F93: 45943 | G93: 45946 | H93: =IF(G93<>"","Delivered",IF(F93<>"","Booked",IF(E93<>"","Pre-Booked",IF(D93<>"","Cancelled","")))) -> Delivered | I93: =IF(E93>D93,E93-D93,0) -> 5 | J93: =IF(F93>E93,F93-E93,0) -> 5 | K93: =IF(G93>F93,G93-F93,0) -> 3 | L93: No | N93: 45974 | O93: 5 | P93: 5 | Q93: 3 | R93: 9 | S93: =IF(R93>=9,"Promoter",IF(R93>=7,"Passive","Detractor")) -> Promoter
A94: L1092 | B94: Bangalore MBC | C94: Cold | D94: 45940 | H94: =IF(G94<>"","Delivered",IF(F94<>"","Booked",IF(E94<>"","Pre-Booked",IF(D94<>"","Cancelled","")))) -> Cancelled | I94: =IF(E94>D94,E94-D94,0) -> 0 | J94: =IF(F94>E94,F94-E94,0) -> 0 | K94: =IF(G94>F94,G94-F94,0) -> 0 | L94: Yes | M94: Price | S94: =IF(R94>=9,"Promoter",IF(R94>=7,"Passive","Detractor")) -> Detractor
A95: L1093 | B95: Delhi MBC | C95: Cold | D95: 45938 | H95: =IF(G95<>"","Delivered",IF(F95<>"","Booked",IF(E95<>"","Pre-Booked",IF(D95<>"","Cancelled","")))) -> Cancelled | I95: =IF(E95>D95,E95-D95,0) -> 0 | J95: =IF(F95>E95,F95-E95,0) -> 0 | K95: =IF(G95>F95,G95-F95,0) -> 0 | L95: Yes | M95: Financing Issue | S95: =IF(R95>=9,"Promoter",IF(R95>=7,"Passive","Detractor")) -> Detractor
A96: L1094 | B96: Chennai MBC | C96: Cold | D96: 45943 | H96: =IF(G96<>"","Delivered",IF(F96<>"","Booked",IF(E96<>"","Pre-Booked",IF(D96<>"","Cancelled","")))) -> Cancelled | I96: =IF(E96>D96,E96-D96,0) -> 0 | J96: =IF(F96>E96,F96-E96,0) -> 0 | K96: =IF(G96>F96,G96-F96,0) -> 0 | L96: Yes | M96: Model Unavailable | S96: =IF(R96>=9,"Promoter",IF(R96>=7,"Passive","Detractor")) -> Detractor
A97: L1095 | B97: Bangalore MBC | C97: Warm | D97: 45953 | E97: 45955 | F97: 45958 | G97: 45963 | H97: =IF(G97<>"","Delivered",IF(F97<>"","Booked",IF(E97<>"","Pre-Booked",IF(D97<>"","Cancelled","")))) -> Delivered | I97: =IF(E97>D97,E97-D97,0) -> 2 | J97: =IF(F97>E97,F97-E97,0) -> 3 | K97: =IF(G97>F97,G97-F97,0) -> 5 | L97: No | N97: 45976 | O97: 2 | P97: 3 | Q97: 5 | R97: 9 | S97: =IF(R97>=9,"Promoter",IF(R97>=7,"Passive","Detractor")) -> Promoter
A98: L1096 | B98: Delhi MBC | C98: Hot | D98: 45938 | E98: 45942 | F98: 45945 | G98: 45952 | H98: =IF(G98<>"","Delivered",IF(F98<>"","Booked",IF(E98<>"","Pre-Booked",IF(D98<>"","Cancelled","")))) -> Delivered | I98: =IF(E98>D98,E98-D98,0) -> 4 | J98: =IF(F98>E98,F98-E98,0) -> 3 | K98: =IF(G98>F98,G98-F98,0) -> 7 | L98: Yes | M98: Financing Issue | O98: 4 | P98: 3 | Q98: 7 | S98: =IF(R98>=9,"Promoter",IF(R98>=7,"Passive","Detractor")) -> Detractor
A99: L1097 | B99: Delhi MBC | C99: Warm | D99: 45940 | E99: 45944 | F99: 45945 | G99: 45951 | H99: =IF(G99<>"","Delivered",IF(F99<>"","Booked",IF(E99<>"","Pre-Booked",IF(D99<>"","Cancelled","")))) -> Delivered | I99: =IF(E99>D99,E99-D99,0) -> 4 | J99: =IF(F99>E99,F99-E99,0) -> 1 | K99: =IF(G99>F99,G99-F99,0) -> 6 | L99: No | N99: 45976 | O99: 4 | P99: 1 | Q99: 6 | R99: 6 | S99: =IF(R99>=9,"Promoter",IF(R99>=7,"Passive","Detractor")) -> Detractor
A100: L1098 | B100: Mumbai MBC | C100: Warm | D100: 45952 | E100: 45956 | F100: 45961 | G100: 45968 | H100: =IF(G100<>"","Delivered",IF(F100<>"","Booked",IF(E100<>"","Pre-Booked",IF(D100<>"","Cancelled","")))) -> Delivered | I100: =IF(E100>D100,E100-D100,0) -> 4 | J100: =IF(F100>E100,F100-E100,0) -> 5 | K100: =IF(G100>F100,G100-F100,0) -> 7 | L100: No | N100: 45982 | O100: 4 | P100: 5 | Q100: 7 | R100: 0 | S100: =IF(R100>=9,"Promoter",IF(R100>=7,"Passive","Detractor")) -> Detractor
A101: L1099 | B101: Bangalore MBC | C101: Warm | D101: 45949 | E101: 45952 | F101: 45957 | G101: 45964 | H101: =IF(G101<>"","Delivered",IF(F101<>"","Booked",IF(E101<>"","Pre-Booked",IF(D101<>"","Cancelled","")))) -> Delivered | I101: =IF(E101>D101,E101-D101,0) -> 3 | J101: =IF(F101>E101,F101-E101,0) -> 5 | K101: =IF(G101>F101,G101-F101,0) -> 7 | L101: No | N101: 45984 | O101: 3 | P101: 5 | Q101: 7 | R101: 10 | S101: =IF(R101>=9,"Promoter",IF(R101>=7,"Passive","Detractor")) -> Promoter
...

Sheet Cancellation Patterns
A2: Cancellation patterns by store and reason
A3: Count of Lead ID | B3: Cancellation Reason
A4: Store Name | B4: Changed Mind | C4: Financing Issue | D4: Model Unavailable | E4: Other | F4: Price | G4: Grand Total
A5: Bangalore MBC | B5: 13 | C5: 14 | D5: 13 | E5: 22 | F5: 10 | G5: 72
A6: Chennai MBC | B6: 15 | C6: 10 | D6: 8 | E6: 8 | F6: 18 | G6: 59
A7: Delhi MBC | B7: 14 | C7: 21 | D7: 13 | E7: 13 | F7: 16 | G7: 77
A8: Mumbai MBC | B8: 9 | C8: 14 | D8: 9 | E8: 14 | F8: 17 | G8: 63
A9: Grand Total | B9: 51 | C9: 59 | D9: 43 | E9: 57 | F9: 61 | G9: 271

Sheet NPS Calculation
A2: NPS Calculation
A3: Count of Lead ID | B3: NPS | H3: Store | I3: Promoters | J3: Detractors | K3: Total | L3: NPS (%)
A4: Store Name | B4: Detractor | C4: Passive | D4: Promoter | E4: Grand Total | H4: =A5 -> Bangalore MBC | I4: =D5 -> 23 | J4: =B5 -> 206 | K4: =E5 -> 263 | L4: =((D5-B5)/E5)*100 -> -69.581749
A5: Bangalore MBC | B5: 206 | C5: 34 | D5: 23 | E5: 263 | H5: =A6 -> Chennai MBC | I5: =D6 -> 28 | J5: =B6 -> 158 | K5: =E6 -> 212 | L5: =((D6-B6)/E6)*100 -> -61.320755
A6: Chennai MBC | B6: 158 | C6: 26 | D6: 28 | E6: 212 | H6: =A7 -> Delhi MBC | I6: =D7 -> 30 | J6: =B7 -> 200 | K6: =E7 -> 263 | L6: =((D7-B7)/E7)*100 -> -64.638783
A7: Delhi MBC | B7: 200 | C7: 33 | D7: 30 | E7: 263 | H7: =A8 -> Mumbai MBC | I7: =D8 -> 23 | J7: =B8 -> 201 | K7: =E8 -> 262 | L7: =((D8-B8)/E8)*100 -> -67.938931
A8: Mumbai MBC | B8: 201 | C8: 38 | D8: 23 | E8: 262 | H8: =A9 -> Grand Total | I8: =D9 -> 104 | J8: =B9 -> 765 | K8: =E9 -> 1000 | L8: =((D9-B9)/E9)*100 -> -66.1
A9: Grand Total | B9: 765 | C9: 131 | D9: 104 | E9: 1000
A12: Category | B12: Count of Responses | D12: %
A13: Detractors | B13: 765 | D13: =B13/$B$16 -> 0.765
A14: Passives | B14: =COUNTIFS('Main data'!R:R,">=7",'Main data'!R:R,"<=8") -> 131 | D14: =B14/$B$16 -> 0.131
A15: Promoters | B15: =COUNTIFS('Main data'!R:R,">=9") -> 104 | D15: =B15/$B$16 -> 0.104
A16: Total | B16: =SUM(B13,B14,B15) -> 1000 | D16: =B16/$B$16 -> 1

Sheet Sheet2
A3: Count of Lead ID | B3: Store Name
A4: Customer Rating | B4: Bangalore MBC | C4: Chennai MBC | D4: Delhi MBC | E4: Mumbai MBC | F4: Grand Total
A5: 0 | B5: 9 | C5: 9 | D5: 10 | E5: 8 | F5: 36
A6: 1 | B6: 20 | C6: 18 | D6: 21 | E6: 17 | F6: 76
A7: 2 | B7: 26 | C7: 11 | D7: 21 | E7: 25 | F7: 83
A8: 3 | B8: 25 | C8: 16 | D8: 16 | E8: 20 | F8: 77
A9: 4 | B9: 17 | C9: 16 | D9: 23 | E9: 24 | F9: 80
A10: 5 | B10: 18 | C10: 13 | D10: 10 | E10: 21 | F10: 62
A11: 6 | B11: 19 | C11: 16 | D11: 22 | E11: 23 | F11: 80
A12: 7 | B12: 14 | C12: 16 | D12: 19 | E12: 20 | F12: 69
A13: 8 | B13: 20 | C13: 10 | D13: 14 | E13: 18 | F13: 62
A14: 9 | B14: 15 | C14: 18 | D14: 19 | E14: 14 | F14: 66
A15: 10 | B15: 8 | C15: 10 | D15: 11 | E15: 9 | F15: 38
A16: Grand Total | B16: 191 | C16: 153 | D16: 186 | E16: 199 | F16: 729

Sheet Dashboard
